<?xml version="1.0" encoding="UTF-8"?>
<project-private xmlns="http://www.netbeans.org/ns/project-private/1">
    <editor-bookmarks xmlns="http://www.netbeans.org/ns/editor-bookmarks/2" lastBookmarkId="0"/>
    <open-files xmlns="http://www.netbeans.org/ns/projectui-open-files/2">
        <group name="htdocs">
            <file>file:/C:/wamp/www/ee/wp-content/themes/Essential/index.php</file>
            <file>file:/C:/wamp/www/ee/wp-content/themes/Essential/header.php</file>
            <file>file:/C:/wamp/www/ee/wp-content/plugins/website-custom-plugin/WCP/BackEnd/PaymentConfiguration/html/contact_information.php</file>
            <file>file:/C:/wamp/www/ee/wp-content/plugins/website-custom-plugin/website-custom-plugin.php</file>
            <file>file:/C:/wamp/www/ee/wp-content/themes/Essential/functions.php</file>
            <file>file:/C:/wamp/www/ee/wp-content/themes/Essential/aboutus.php</file>
            <file>file:/C:/wamp/www/ee/wp-content/plugins/website-custom-plugin/WCP/BackEnd/PaymentConfiguration/Controller.php</file>
        </group>
    </open-files>
</project-private>
